<?xml version="1.0"?>
<Project Version="1" Minor="7" DIGEST="">
	<TOOL_VERSION Version="2022.1"/>
	<MODE Name="Post-Synthesis"/>
	<SYSTEMINFO BOARD="" PART="xck26-sfvc784-2LV-c" ARCH="zynquplus" PACKAGE="sfvc784" DEVICE="xck26" SPEED="-2LV"/>
	<HIERARCHY Name="top_wrapper"/>
	<File Type="HW_HANDOFF" Name="top.hwh" src_db="top.hwdef" DESIGN_HIERARCHY="top_i" BD_TYPE="DEFAULT_BD">
	</File>
	<File Type="BDA" Name="top.bda" src_db="top.hwdef">
	</File>
	<File Type="PS_FSBL_INIT" Name="psu_init.c" src_db="top_zynq_ultra_ps_e_0.hwdef">
	</File>
	<File Type="PS_FSBL_INIT" Name="psu_init.h" src_db="top_zynq_ultra_ps_e_0.hwdef">
	</File>
	<File Type="PS_FSBL_INIT_GPL" Name="psu_init_gpl.c" src_db="top_zynq_ultra_ps_e_0.hwdef">
	</File>
	<File Type="PS_FSBL_INIT_GPL" Name="psu_init_gpl.h" src_db="top_zynq_ultra_ps_e_0.hwdef">
	</File>
	<File Type="PS_INIT_HELP" Name="psu_init.html" src_db="top_zynq_ultra_ps_e_0.hwdef">
	</File>
	<File Type="PS_XMD_INIT" Name="psu_init.tcl" src_db="top_zynq_ultra_ps_e_0.hwdef">
	</File>
	<File Type="BIT" Name="top_wrapper.bit" src_db="temp.hdf">
	</File>
	<USEDRESOURCES/>
</Project>

