{
    "versionMajor": "0",
    "versionMinor": "0",
    "usesPR": "false",
    "platformState": "pre_synth",
    "topModuleName": "top_wrapper",
    "acceleratorBinaryFormat": "xclbin2",
    "acceleratorBinaryContent": "bitstream",
    "validAcceleratorBinaryContentValues": "dcp,bitstream",
    "dcpFunctionStripped": "false",
    "dcpEncrypted": "false",
    "defaultOutputType": "hw_export",
    "designIntent": {
        "dataCenter": {
            "value": "false",
            "explicit": "false"
        },
        "embedded": {
            "value": "false",
            "explicit": "false"
        },
        "externalHost": {
            "value": "false",
            "explicit": "false"
        },
        "serverManaged": {
            "value": "false",
            "explicit": "false"
        }
    },
    "devices": [
        {
            "name": "fpga0",
            "type": "8",
            "fpgaPart": "zynquplus:xck26:sfvc784:-2LV:c",
            "part": {
                "name": "xck26-sfvc784-2LV-c",
                "architecture": "zynquplus",
                "device": "xck26",
                "package": "sfvc784",
                "speedGrade": "-2LV",
                "tempGrade": "c"
            },
            "core": {
                "name": "OCL_REGION_0",
                "type": "clc_region",
                "numComputeUnits": "60"
            }
        }
    ],
    "files": [
        {
            "name": "top_wrapper.bit",
            "type": "FULL_BIT"
        }
    ],
    "vendor": "xilinx",
    "description": "Vivado generated Hardware Platform",
    "uniqueName": "xilinx:::0.0",
    "fpgaPart": "zynquplus",
    "fpgaDevice": "xck26",
    "unifiedPlatform": "true",
    "expandablePlatform": "false",
    "hardware": "true",
    "softwareEmulation": "true",
    "hardwareEmulation": "false",
    "hardwareEmuPlatform": "false",
    "usesNIFD": "false",
    "generatedName": "Vivado",
    "generatedVersion": "2022.1",
    "generatedChangeList": "3526262",
    "generatedIpChangeList": "3524634",
    "generatedTimestamp": "Tue Feb 10 14:17:59 2026",
    "idCode": "04a49093"
}

